{
  "Aix-en-Provence": {
    "lat": "43.5298424",
    "lon": "5.4474738"
  },
  "Amsterdam": {
    "lat": "52.3727598",
    "lon": "4.8936041"
  },
  "Anvers": {
    "lat": "51.2211097",
    "lon": "4.3997081"
  },
  "Anzère": {
    "lat": "46.2969354",
    "lon": "7.3979195"
  },
  "Avignon": {
    "lat": "43.9492493",
    "lon": "4.8059012"
  },
  "Bilbao": {
    "lat": "43.2630018",
    "lon": "-2.9350039"
  },
  "Côte d'Azur": {
    "lat": "43.3891885",
    "lon": "5.9589614"
  },
  "Cancún": {
    "lat": "21.1617854",
    "lon": "-86.8510468"
  },
  "Contis-Les-Bains": {
    "lat": "44.0912745",
    "lon": "-1.3296522"
  },
  "Bangkok": {
    "lat": "13.7524938",
    "lon": "100.4935089"
  },
  "Barcelona": {
    "lat": "41.3828939",
    "lon": "2.1774322"
  },
  "Berlin": {
    "lat": "52.5170365",
    "lon": "13.3888599"
  },
  "Bern": {
    "lat": "46.9482713",
    "lon": "7.4514512"
  },
  "Basel": {
    "lat": "47.5581077",
    "lon": "7.5878261"
  },
  "Bruxelles": {
    "lat": "50.8465573",
    "lon": "4.351697"
  },
  "Bhutan": {
    "lat": "27.549511",
    "lon": "90.5119273"
  },
  "Bastia": {
    "lat": "42.7008676",
    "lon": "9.4512866"
  },
  "Cap Ferret": {
    "lat": "44.7245776",
    "lon": "-1.22320520216895"
  },
  "Clermont-Ferrand": {
    "lat": "45.7774551",
    "lon": "3.0819427"
  },
  "Charleroi": {
    "lat": "50.4120332",
    "lon": "4.4436244"
  },
  "Dhaka": {
    "lat": "23.7644025",
    "lon": "90.389015"
  },
  "Eilat": {
    "lat": "29.5569348",
    "lon": "34.9497949"
  },
  "Istanbul": {
    "lat": "41.0091982",
    "lon": "28.9662187"
  },
  "Hong Kong": {
    "lat": "22.2793278",
    "lon": "114.1628131"
  },
  "Los Angeles": {
    "lat": "34.0536909",
    "lon": "-118.242766"
  },
  "Katmandou": {
    "lat": "27.708317",
    "lon": "85.3205817"
  },
  "Köln": {
    "lat": "50.938361",
    "lon": "6.959974"
  },
  "Halmstad": {
    "lat": "56.6739826",
    "lon": "12.8574827"
  },
  "Daejeon": {
    "lat": "36.3496",
    "lon": "127.3848"
  },
  "La Ciotat": {
    "lat": "43.1573984",
    "lon": "5.6062495"
  },
  "Dijon": {
    "lat": "47.3215806",
    "lon": "5.0414701"
  },
  "Djerba": {
    "lat": "33.77339055",
    "lon": "10.885904100766"
  },
  "Frankfurt": {
    "lat": "50.1106444",
    "lon": "8.6820917"
  },
  "Grude": {
    "lat": "43.3723256",
    "lon": "17.4141836"
  },
  "Genève": {
    "lat": "46.2017559",
    "lon": "6.1466014"
  },
  "Forcalquier": {
    "lat": "43.9585575",
    "lon": "5.780446"
  },
  "Grenoble": {
    "lat": "45.1875602",
    "lon": "5.7357819"
  },
  "Faro": {
    "lat": "37.0162727",
    "lon": "-7.9351771"
  },
  "Grumeti": {
    "lat": "-2.1772073",
    "lon": "34.2116598"
  },
  "Luberon": {
    "lat": "14.8797693",
    "lon": "120.7992846"
  },
  "London": {
    "lat": "51.5073219",
    "lon": "-0.1276474"
  },
  "Lille": {
    "lat": "50.6365654",
    "lon": "3.0635282"
  },
  "Montpellier": {
    "lat": "43.6112422",
    "lon": "3.8767337"
  },
  "Marrakech": {
    "lat": "31.6258257",
    "lon": "-7.9891608"
  },
  "Nantes": {
    "lat": "47.2186371",
    "lon": "-1.5541362"
  },
  "Montauban": {
    "lat": "44.0175835",
    "lon": "1.3549991"
  },
  "New York": {
    "lat": "40.6976633",
    "lon": "-74.1201073"
  },
  "Nîmes": {
    "lat": "43.8374249",
    "lon": "4.3600687"
  },
  "Noordwijk": {
    "lat": "52.2698936",
    "lon": "4.45268565249014"
  },
  "Newcastle": {
    "lat": "54.9738474",
    "lon": "-1.6131572"
  },
  "Lausanne": {
    "lat": "46.5218269",
    "lon": "6.6327025"
  },
  "Ljubljana": {
    "lat": "46.0500268",
    "lon": "14.5069289"
  },
  "Marseille": {
    "lat": "43.2961743",
    "lon": "5.3699525"
  },
  "Manchester": {
    "lat": "53.4794892",
    "lon": "-2.2451148"
  },
  "Lyon": {
    "lat": "45.7578137",
    "lon": "4.8320114"
  },
  "Menorca": {
    "lat": "39.949401",
    "lon": "4.0593888"
  },
  "Mombasa": {
    "lat": "-4.05052",
    "lon": "39.667169"
  },
  "Miami": {
    "lat": "25.7741728",
    "lon": "-80.19362"
  },
  "Melbourne": {
    "lat": "-37.8142176",
    "lon": "144.9631608"
  },
  "Málaga": {
    "lat": "36.7213028",
    "lon": "-4.4216366"
  },
  "Paris - 11ème arrondissement": {
    "lat": "48.8587182",
    "lon": "2.37896039635983"
  },
  "Paris - 9ème arrondissement": {
    "lat": "48.877097",
    "lon": "2.329094"
  },
  "Paris - 19ème arrondissement": {
    "lat": "48.8871247",
    "lon": "2.3702144"
  },
  "Paris - 20ème arrondissement": {
    "lat": "48.8625565",
    "lon": "2.3790748"
  },
  "Paris - 8ème arrondissement": {
    "lat": "48.8732509",
    "lon": "2.3023221"
  },
  "Paris - 7ème arrondissement": {
    "lat": "48.8548471",
    "lon": "2.3027066"
  },
  "Paris - 16ème arrondissement": {
    "lat": "48.8571822",
    "lon": "2.2454256"
  },
  "Paris - 14ème arrondissement": {
    "lat": "48.829721",
    "lon": "2.305401"
  },
  "Paris - banlieue 77": {
    "lat": "48.6185328",
    "lon": "2.4139084"
  },
  "Paris - banlieue 92": {
    "lat": "48.8403004",
    "lon": "2.1009141"
  },
  "Paris - banlieue 93": {
    "lat": "48.9099314",
    "lon": "2.3053962"
  },
  "Paris - banlieue 94": {
    "lat": "48.7746509",
    "lon": "2.3919765"
  },
  "Paris - banlieue 95": {
    "lat": "49.0740933",
    "lon": "1.5269518"
  },
  "Paris - 15ème arrondissement": {
    "lat": "48.8416812",
    "lon": "2.2761642"
  },
  "Paris - 4ème arrondissement": {
    "lat": "48.8510673",
    "lon": "2.3670936"
  },
  "Paris - 6ème arrondissement": {
    "lat": "48.849517",
    "lon": "2.3218971"
  },
  "Paris - 5ème arrondissement": {
    "lat": "48.84600915",
    "lon": "2.34461904940945"
  },
  "Paris - 10ème arrondissement": {
    "lat": "48.87180125",
    "lon": "2.3577861688909"
  },
  "Paris - 3ème arrondissement": {
    "lat": "48.86387315",
    "lon": "2.36178585385721"
  },
  "Paris - 2ème arrondissement": {
    "lat": "48.86672945",
    "lon": "2.3404699027145"
  },
  "Paris - 12ème arrondissement": {
    "lat": "48.84081555",
    "lon": "2.38836903404007"
  },
  "Paris - 13ème arrondissement": {
    "lat": "48.83257615",
    "lon": "2.35586867089955"
  },
  "Paris - 18ème arrondissement": {
    "lat": "48.8920934",
    "lon": "2.34444943483291"
  },
  "Paris - 1er arrondissement": {
    "lat": "48.8646144",
    "lon": "2.334396"
  },
  "Paris - 17ème arrondissement": {
    "lat": "48.8924178",
    "lon": "2.3153357"
  },
  "Rotterdam": {
    "lat": "51.9244424",
    "lon": "4.47775"
  },
  "Rennes": {
    "lat": "48.1113387",
    "lon": "-1.6800198"
  },
  "Roma": {
    "lat": "41.8933203",
    "lon": "12.4829321"
  },
  "Tokyo": {
    "lat": "35.6828387",
    "lon": "139.7594549"
  },
  "São Paulo": {
    "lat": "-23.5506507",
    "lon": "-46.6333824"
  },
  "San Diego": {
    "lat": "32.7174202",
    "lon": "-117.1627728"
  },
  "Toulouse": {
    "lat": "43.6044622",
    "lon": "1.4442469"
  },
  "Pau": {
    "lat": "43.2957547",
    "lon": "-0.3685668"
  },
  "Potosi": {
    "lat": "-20.666667",
    "lon": "-66.666667"
  },
  "Redu": {
    "lat": "50.0077873",
    "lon": "5.1601828"
  },
  "Ravenna": {
    "lat": "44.3640607",
    "lon": "12.0590094908639"
  },
  "Perth": {
    "lat": "-31.9558964",
    "lon": "115.8605801"
  },
  "Perpignan": {
    "lat": "42.6985304",
    "lon": "2.8953121"
  },
  "Rabat": {
    "lat": "34.022405",
    "lon": "-6.834543"
  },
  "Valmorel": {
    "lat": "46.0542884",
    "lon": "12.2281331"
  },
  "Varanasi": {
    "lat": "25.3356491",
    "lon": "83.0076292"
  },
  "Wien": {
    "lat": "48.2083537",
    "lon": "16.3725042"
  },
  "Visby": {
    "lat": "57.6379361",
    "lon": "18.297982"
  },
  "Versailles": {
    "lat": "48.8035403",
    "lon": "2.1266886"
  }
}
